first_name,last_name,username,email,role
John,Garcia,john.garcia,john.garcia@jivapms.com,UI/UX
Riley,Sanchez,riley.sanchez,riley.sanchez@jivapms.com,Contributor
Zoey,Perez,zoey.perez,zoey.perez@jivapms.com,Editor
Joseph,Mitchell,joseph.mitchell,joseph.mitchell@jivapms.com,DevOps
Avery,Clark,avery.clark,avery.clark@jivapms.com,Site Admin
Sofia,Young,sofia.young,sofia.young@jivapms.com,Project Admin
Luna,Brown,luna.brown,luna.brown@jivapms.com,UI/UX
Mia,Garcia,mia.garcia,mia.garcia@jivapms.com,Architect
Wyatt,Clark,wyatt.clark,wyatt.clark@jivapms.com,Product Owner
Henry,Adams,henry.adams,henry.adams@jivapms.com,Network Engineer
Oliver,Jones,oliver.jones,oliver.jones@jivapms.com,Blog Editor
Grace,Robinson,grace.robinson,grace.robinson@jivapms.com,Business Analyst
Isaac,Thomas,isaac.thomas,isaac.thomas@jivapms.com,UI/UX
Madison,Carter,madison.carter,madison.carter@jivapms.com,Security
Madison,Davis,madison.davis,madison.davis@jivapms.com,Manager
Olivia,Thompson,olivia.thompson,olivia.thompson@jivapms.com,Developer
Jack,Scott,jack.scott,jack.scott@jivapms.com,Developer
Abigail,White,abigail.white,abigail.white@jivapms.com,Org Admin
Isabella,Phillips,isabella.phillips,isabella.phillips@jivapms.com,Product Owner
Sebastian,Anderson,sebastian.anderson,sebastian.anderson@jivapms.com,Blog Editor
Jackson,Lopez,jackson.lopez,jackson.lopez@jivapms.com,Blog Viewer
Mia,Davis,mia.davis,mia.davis@jivapms.com,System Architect
Anthony,Jones,anthony.jones,anthony.jones@jivapms.com,Project Lead
Elizabeth,Thomas,elizabeth.thomas,elizabeth.thomas@jivapms.com,Developer
Scarlett,Torres,scarlett.torres,scarlett.torres@jivapms.com,QA
Evelyn,Harris,evelyn.harris,evelyn.harris@jivapms.com,Manager
Avery,Smith,avery.smith,avery.smith@jivapms.com,System Architect
Lucy,Moore,lucy.moore,lucy.moore@jivapms.com,Designer
Benjamin,Anderson,benjamin.anderson,benjamin.anderson@jivapms.com,Product Owner
Isabella,Walker,isabella.walker,isabella.walker@jivapms.com,Designer
Lily,Jones,lily.jones,lily.jones@jivapms.com,Designer
Luna,Baker,luna.baker,luna.baker@jivapms.com,Blog Viewer
Mason,Martinez,mason.martinez,mason.martinez@jivapms.com,Blog Editor
Chloe,Jackson,chloe.jackson,chloe.jackson@jivapms.com,Security
James,Carter,james.carter,james.carter@jivapms.com,TeamMember
William,Baker,william.baker,william.baker@jivapms.com,Viewer
James,Hernandez,james.hernandez,james.hernandez@jivapms.com,Network Engineer
Evelyn,Williams,evelyn.williams,evelyn.williams@jivapms.com,QA
Matthew,Mitchell,matthew.mitchell,matthew.mitchell@jivapms.com,Product Owner
Penelope,Scott,penelope.scott,penelope.scott@jivapms.com,Project Lead
Wyatt,Harris,wyatt.harris,wyatt.harris@jivapms.com,DevOps
Madison,Clark,madison.clark,madison.clark@jivapms.com,Portfolio Manager
James,Allen,james.allen,james.allen@jivapms.com,QA
Mia,Carter,mia.carter,mia.carter@jivapms.com,System Architect
Jacob,Adams,jacob.adams,jacob.adams@jivapms.com,Designer
Joseph,Perez,joseph.perez,joseph.perez@jivapms.com,Contributor
Mason,Green,mason.green,mason.green@jivapms.com,Admin
Noah,Green,noah.green,noah.green@jivapms.com,Tech Lead
Eleanor,Martin,eleanor.martin,eleanor.martin@jivapms.com,Business Analyst
Gabriel,Lee,gabriel.lee,gabriel.lee@jivapms.com,TeamMember
Gabriel,Hernandez,gabriel.hernandez,gabriel.hernandez@jivapms.com,Site Admin
Liam,Gonzalez,liam.gonzalez,liam.gonzalez@jivapms.com,Blog Writer
Grace,Thompson,grace.thompson,grace.thompson@jivapms.com,Site Admin
Oliver,Allen,oliver.allen,oliver.allen@jivapms.com,Network Engineer
Eleanor,Hernandez,eleanor.hernandez,eleanor.hernandez@jivapms.com,Viewer
Jack,Thomas,jack.thomas,jack.thomas@jivapms.com,Developer
Isabella,Evans,isabella.evans,isabella.evans@jivapms.com,Product Owner
Emily,Rodriguez,emily.rodriguez,emily.rodriguez@jivapms.com,Blog Admin
Oliver,Taylor,oliver.taylor,oliver.taylor@jivapms.com,Business Analyst
Emily,Garcia,emily.garcia,emily.garcia@jivapms.com,Org Admin
William,Harris,william.harris,william.harris@jivapms.com,Tech Lead
Alexander,Taylor,alexander.taylor,alexander.taylor@jivapms.com,Security
Noah,Miller,noah.miller,noah.miller@jivapms.com,TeamMember
Riley,Ramirez,riley.ramirez,riley.ramirez@jivapms.com,UI/UX
Sebastian,Martin,sebastian.martin,sebastian.martin@jivapms.com,Designer
Luke,Moore,luke.moore,luke.moore@jivapms.com,Site Admin
Amelia,Allen,amelia.allen,amelia.allen@jivapms.com,Contributor
Riley,Jones,riley.jones,riley.jones@jivapms.com,Editor
Owen,Wilson,owen.wilson,owen.wilson@jivapms.com,System Architect
Joseph,Turner,joseph.turner,joseph.turner@jivapms.com,Manager
Owen,Perez,owen.perez,owen.perez@jivapms.com,Business Owner
Isabella,Moore,isabella.moore,isabella.moore@jivapms.com,Tech Lead
Victoria,Harris,victoria.harris,victoria.harris@jivapms.com,Blog Viewer
Isabella,Gonzalez,isabella.gonzalez,isabella.gonzalez@jivapms.com,Business Owner
Victoria,Anderson,victoria.anderson,victoria.anderson@jivapms.com,Blog Admin
Alexander,Walker,alexander.walker,alexander.walker@jivapms.com,Security
Charlotte,Allen,charlotte.allen,charlotte.allen@jivapms.com,Scrum Master
Anthony,Walker,anthony.walker,anthony.walker@jivapms.com,Blog Admin
James,Miller,james.miller,james.miller@jivapms.com,IT Engineer
Ethan,Clark,ethan.clark,ethan.clark@jivapms.com,Blog Admin
Mia,Thompson,mia.thompson,mia.thompson@jivapms.com,Developer
Ava,Young,ava.young,ava.young@jivapms.com,IT Engineer
Oliver,Williams,oliver.williams,oliver.williams@jivapms.com,Enterprise Architect
Harper,Miller,harper.miller,harper.miller@jivapms.com,Viewer
Avery,Wright,avery.wright,avery.wright@jivapms.com,Viewer
Ethan,Wilson,ethan.wilson,ethan.wilson@jivapms.com,Product Owner
Penelope,Roberts,penelope.roberts,penelope.roberts@jivapms.com,UI/UX
Eleanor,Young,eleanor.young,eleanor.young@jivapms.com,Blog Writer
Elijah,Lewis,elijah.lewis,elijah.lewis@jivapms.com,UI/UX
Charlotte,Smith,charlotte.smith,charlotte.smith@jivapms.com,Tech Lead
Sofia,Taylor,sofia.taylor,sofia.taylor@jivapms.com,Blog Admin
Luna,Lee,luna.lee,luna.lee@jivapms.com,QA
Carter,Torres,carter.torres,carter.torres@jivapms.com,TeamMember
Victoria,Phillips,victoria.phillips,victoria.phillips@jivapms.com,Contributor
Anthony,Davis,anthony.davis,anthony.davis@jivapms.com,Product Owner
Owen,Jackson,owen.jackson,owen.jackson@jivapms.com,IT Engineer
Joseph,Scott,joseph.scott,joseph.scott@jivapms.com,Program Manager
Daniel,Jackson,daniel.jackson,daniel.jackson@jivapms.com,DevOps
Anthony,Thompson,anthony.thompson,anthony.thompson@jivapms.com,Contributor
Luke,Perez,luke.perez,luke.perez@jivapms.com,IT Engineer
Henry,Torres,henry.torres,henry.torres@jivapms.com,Admin
Sofia,Brown,sofia.brown,sofia.brown@jivapms.com,Program Manager
Oliver,Evans,oliver.evans,oliver.evans@jivapms.com,Designer
Oliver,Young,oliver.young,oliver.young@jivapms.com,Business Analyst
Jacob,Perez,jacob.perez,jacob.perez@jivapms.com,Blog Editor
Emily,Perez,emily.perez,emily.perez@jivapms.com,Business Analyst
Benjamin,Rodriguez,benjamin.rodriguez,benjamin.rodriguez@jivapms.com,Designer
John,Walker,john.walker,john.walker@jivapms.com,Blog Editor
Madison,Miller,madison.miller,madison.miller@jivapms.com,QA
Chloe,Smith,chloe.smith,chloe.smith@jivapms.com,System Architect
Lucy,Roberts,lucy.roberts,lucy.roberts@jivapms.com,QA
Ethan,Garcia,ethan.garcia,ethan.garcia@jivapms.com,Network Engineer
Harper,Sanchez,harper.sanchez,harper.sanchez@jivapms.com,Contributor
David,Adams,david.adams,david.adams@jivapms.com,Blog Viewer
Riley,Nelson,riley.nelson,riley.nelson@jivapms.com,Project Lead
Eleanor,Nelson,eleanor.nelson,eleanor.nelson@jivapms.com,Security
Madison,Martinez,madison.martinez,madison.martinez@jivapms.com,Program Manager
Zoey,Turner,zoey.turner,zoey.turner@jivapms.com,Site Admin
Evelyn,Moore,evelyn.moore,evelyn.moore@jivapms.com,Portfolio Manager
Oliver,King,oliver.king,oliver.king@jivapms.com,Site Admin
Victoria,Martin,victoria.martin,victoria.martin@jivapms.com,Blog Editor
Nora,Robinson,nora.robinson,nora.robinson@jivapms.com,Product Owner
Penelope,Wilson,penelope.wilson,penelope.wilson@jivapms.com,Product Owner
Sofia,Robinson,sofia.robinson,sofia.robinson@jivapms.com,DevOps
Lucy,Young,lucy.young,lucy.young@jivapms.com,Scrum Master
Chloe,Wilson,chloe.wilson,chloe.wilson@jivapms.com,Architect
Emma,Rodriguez,emma.rodriguez,emma.rodriguez@jivapms.com,Designer
Carter,King,carter.king,carter.king@jivapms.com,Contributor
Jack,Sanchez,jack.sanchez,jack.sanchez@jivapms.com,Site Admin
Grace,Moore,grace.moore,grace.moore@jivapms.com,Portfolio Manager
Avery,Sanchez,avery.sanchez,avery.sanchez@jivapms.com,Project Admin
Elizabeth,Nelson,elizabeth.nelson,elizabeth.nelson@jivapms.com,Project Manager
Riley,Walker,riley.walker,riley.walker@jivapms.com,Manager
Ellie,Martin,ellie.martin,ellie.martin@jivapms.com,DevOps
Carter,Brown,carter.brown,carter.brown@jivapms.com,Portfolio Manager
Noah,Robinson,noah.robinson,noah.robinson@jivapms.com,Project Lead
Charlotte,Martin,charlotte.martin,charlotte.martin@jivapms.com,Architect
Emily,King,emily.king,emily.king@jivapms.com,Org Admin
Gabriel,Johnson,gabriel.johnson,gabriel.johnson@jivapms.com,Admin
Lucas,Allen,lucas.allen,lucas.allen@jivapms.com,Project Admin
Emily,Johnson,emily.johnson,emily.johnson@jivapms.com,Blog Viewer
Luna,Perez,luna.perez,luna.perez@jivapms.com,TeamMember
Lucy,Lee,lucy.lee,lucy.lee@jivapms.com,Editor
Isaac,Green,isaac.green,isaac.green@jivapms.com,UI/UX
Charlotte,Lee,charlotte.lee,charlotte.lee@jivapms.com,Project Manager
Avery,Allen,avery.allen,avery.allen@jivapms.com,Project Manager
Mia,Anderson,mia.anderson,mia.anderson@jivapms.com,Architect
Ava,Lewis,ava.lewis,ava.lewis@jivapms.com,Manager
Lily,King,lily.king,lily.king@jivapms.com,Tech Lead
Luna,Lopez,luna.lopez,luna.lopez@jivapms.com,Business Analyst
Oliver,Torres,oliver.torres,oliver.torres@jivapms.com,DevOps
Penelope,Torres,penelope.torres,penelope.torres@jivapms.com,IT Engineer
Olivia,Gonzalez,olivia.gonzalez,olivia.gonzalez@jivapms.com,QA
Sebastian,Scott,sebastian.scott,sebastian.scott@jivapms.com,Contributor
Zoey,Thomas,zoey.thomas,zoey.thomas@jivapms.com,Org Admin
Michael,Lopez,michael.lopez,michael.lopez@jivapms.com,Scrum Master
Michael,Davis,michael.davis,michael.davis@jivapms.com,Enterprise Architect
Penelope,Phillips,penelope.phillips,penelope.phillips@jivapms.com,Scrum Master
Avery,Martinez,avery.martinez,avery.martinez@jivapms.com,Blog Admin
James,Baker,james.baker,james.baker@jivapms.com,Designer
Emma,Scott,emma.scott,emma.scott@jivapms.com,Org Admin
William,Johnson,william.johnson,william.johnson@jivapms.com,Security
Abigail,Robinson,abigail.robinson,abigail.robinson@jivapms.com,Manager
Nora,Taylor,nora.taylor,nora.taylor@jivapms.com,Editor
Alexander,Robinson,alexander.robinson,alexander.robinson@jivapms.com,Site Admin
Grace,Young,grace.young,grace.young@jivapms.com,Project Manager
Ethan,Adams,ethan.adams,ethan.adams@jivapms.com,Security
Charlotte,Green,charlotte.green,charlotte.green@jivapms.com,Admin
Joseph,Garcia,joseph.garcia,joseph.garcia@jivapms.com,Viewer
Mia,Miller,mia.miller,mia.miller@jivapms.com,Portfolio Manager
James,Evans,james.evans,james.evans@jivapms.com,Site Admin
Alexander,Sanchez,alexander.sanchez,alexander.sanchez@jivapms.com,Blog Admin
Charlotte,Sanchez,charlotte.sanchez,charlotte.sanchez@jivapms.com,Business Analyst
Isaac,Moore,isaac.moore,isaac.moore@jivapms.com,Contributor
Evelyn,Thompson,evelyn.thompson,evelyn.thompson@jivapms.com,QA
Hannah,Baker,hannah.baker,hannah.baker@jivapms.com,Site Admin
Ellie,Hernandez,ellie.hernandez,ellie.hernandez@jivapms.com,Blog Writer
Harper,Garcia,harper.garcia,harper.garcia@jivapms.com,DevOps
Mia,Brown,mia.brown,mia.brown@jivapms.com,Project Manager
Jacob,Nelson,jacob.nelson,jacob.nelson@jivapms.com,Product Owner
Avery,Perez,avery.perez,avery.perez@jivapms.com,System Architect
Ellie,Allen,ellie.allen,ellie.allen@jivapms.com,QA
Mason,Phillips,mason.phillips,mason.phillips@jivapms.com,Scrum Master
Elizabeth,Young,elizabeth.young,elizabeth.young@jivapms.com,Blog Writer
Luke,Taylor,luke.taylor,luke.taylor@jivapms.com,Tech Lead
Ethan,Rodriguez,ethan.rodriguez,ethan.rodriguez@jivapms.com,Admin
Chloe,Wright,chloe.wright,chloe.wright@jivapms.com,Product Owner
William,Robinson,william.robinson,william.robinson@jivapms.com,TeamMember
Luke,Scott,luke.scott,luke.scott@jivapms.com,Project Lead
Lucas,Clark,lucas.clark,lucas.clark@jivapms.com,Scrum Master
Joseph,Phillips,joseph.phillips,joseph.phillips@jivapms.com,Manager
Scarlett,Brown,scarlett.brown,scarlett.brown@jivapms.com,Network Engineer
Zoey,Wilson,zoey.wilson,zoey.wilson@jivapms.com,Product Owner
Penelope,White,penelope.white,penelope.white@jivapms.com,Admin
Ethan,Perez,ethan.perez,ethan.perez@jivapms.com,Blog Writer
Chloe,Green,chloe.green,chloe.green@jivapms.com,System Architect
Olivia,Sanchez,olivia.sanchez,olivia.sanchez@jivapms.com,IT Engineer
Jacob,Brown,jacob.brown,jacob.brown@jivapms.com,Contributor
Lucy,Anderson,lucy.anderson,lucy.anderson@jivapms.com,Designer
Wyatt,Smith,wyatt.smith,wyatt.smith@jivapms.com,Security
Hannah,Johnson,hannah.johnson,hannah.johnson@jivapms.com,Blog Viewer
Daniel,Clark,daniel.clark,daniel.clark@jivapms.com,Tech Lead
Owen,Rodriguez,owen.rodriguez,owen.rodriguez@jivapms.com,TeamMember
Mia,Robinson,mia.robinson,mia.robinson@jivapms.com,System Architect
Mason,Jackson,mason.jackson,mason.jackson@jivapms.com,Project Lead
Chloe,Lopez,chloe.lopez,chloe.lopez@jivapms.com,Network Engineer
Sophia,Lee,sophia.lee,sophia.lee@jivapms.com,Blog Admin
David,Mitchell,david.mitchell,david.mitchell@jivapms.com,Scrum Master
Wyatt,Torres,wyatt.torres,wyatt.torres@jivapms.com,DevOps
Ethan,Wright,ethan.wright,ethan.wright@jivapms.com,Blog Viewer
Isaac,Robinson,isaac.robinson,isaac.robinson@jivapms.com,QA
Ava,White,ava.white,ava.white@jivapms.com,Portfolio Manager
Gabriel,Robinson,gabriel.robinson,gabriel.robinson@jivapms.com,System Architect
Luna,Thompson,luna.thompson,luna.thompson@jivapms.com,UI/UX
Lucy,Nelson,lucy.nelson,lucy.nelson@jivapms.com,Product Owner
Amelia,Ramirez,amelia.ramirez,amelia.ramirez@jivapms.com,QA
Wyatt,Williams,wyatt.williams,wyatt.williams@jivapms.com,IT Engineer
Benjamin,Carter,benjamin.carter,benjamin.carter@jivapms.com,Project Lead
David,Smith,david.smith,david.smith@jivapms.com,Site Admin
Avery,Gonzalez,avery.gonzalez,avery.gonzalez@jivapms.com,Viewer
Sebastian,Rodriguez,sebastian.rodriguez,sebastian.rodriguez@jivapms.com,Project Admin
Evelyn,Garcia,evelyn.garcia,evelyn.garcia@jivapms.com,Admin
Charlotte,Wilson,charlotte.wilson,charlotte.wilson@jivapms.com,System Architect
Eleanor,Roberts,eleanor.roberts,eleanor.roberts@jivapms.com,Architect
Charlotte,Evans,charlotte.evans,charlotte.evans@jivapms.com,Admin
Elijah,Johnson,elijah.johnson,elijah.johnson@jivapms.com,Manager
William,Hernandez,william.hernandez,william.hernandez@jivapms.com,Blog Viewer
Zoey,Evans,zoey.evans,zoey.evans@jivapms.com,Contributor
Daniel,Allen,daniel.allen,daniel.allen@jivapms.com,Org Admin
Sebastian,Mitchell,sebastian.mitchell,sebastian.mitchell@jivapms.com,Portfolio Manager
Jacob,Hernandez,jacob.hernandez,jacob.hernandez@jivapms.com,System Architect
Sofia,Hernandez,sofia.hernandez,sofia.hernandez@jivapms.com,Developer
Eleanor,Moore,eleanor.moore,eleanor.moore@jivapms.com,Scrum Master
Jack,Miller,jack.miller,jack.miller@jivapms.com,Contributor
Nora,Baker,nora.baker,nora.baker@jivapms.com,Blog Editor
Zoey,Sanchez,zoey.sanchez,zoey.sanchez@jivapms.com,Viewer
Riley,Mitchell,riley.mitchell,riley.mitchell@jivapms.com,Security
Amelia,Davis,amelia.davis,amelia.davis@jivapms.com,Architect
Isabella,Thomas,isabella.thomas,isabella.thomas@jivapms.com,Site Admin
William,King,william.king,william.king@jivapms.com,Product Owner
Lily,Jackson,lily.jackson,lily.jackson@jivapms.com,Project Admin
Emily,Martin,emily.martin,emily.martin@jivapms.com,Contributor
Liam,Smith,liam.smith,liam.smith@jivapms.com,Designer
Amelia,Phillips,amelia.phillips,amelia.phillips@jivapms.com,Contributor
Anthony,Torres,anthony.torres,anthony.torres@jivapms.com,UI/UX
Emily,Mitchell,emily.mitchell,emily.mitchell@jivapms.com,Program Manager
Avery,Torres,avery.torres,avery.torres@jivapms.com,Portfolio Manager
Matthew,Nelson,matthew.nelson,matthew.nelson@jivapms.com,Product Owner
Olivia,King,olivia.king,olivia.king@jivapms.com,Business Analyst
Emma,Gonzalez,emma.gonzalez,emma.gonzalez@jivapms.com,Project Manager
